{"cameraMode":{"drawMode":0,"name":"Shaded","section":"Shading Mode"},"sceneLighting":true,"audioPlay":false,"sceneViewState":{"m_AlwaysRefresh":false,"showFog":true,"showSkybox":true,"showFlares":true,"showImageEffects":true,"showParticleSystems":true,"showVisualEffectGraphs":true,"m_FxEnabled":true},"in2DMode":false,"pivot":{"x":21.489364624023439,"y":-1.0639433860778809,"z":19.970211029052736},"rotation":{"x":0.4960775673389435,"y":0.5039045214653015,"z":-0.5000582933425903,"w":0.5000302791595459},"size":28.046367645263673,"orthographic":false}