{"cameraMode":{"drawMode":0,"name":"Shaded","section":"Shading Mode"},"sceneLighting":true,"audioPlay":false,"sceneViewState":{"m_AlwaysRefresh":false,"showFog":true,"showSkybox":true,"showFlares":true,"showImageEffects":true,"showParticleSystems":true,"showVisualEffectGraphs":true,"m_FxEnabled":true},"in2DMode":false,"pivot":{"x":183.76927185058595,"y":195.75050354003907,"z":-125.03019714355469},"rotation":{"x":0.2781180739402771,"y":0.004807117860764265,"z":-0.0013807794312015176,"w":0.9605488777160645},"size":0.8660253882408142,"orthographic":false}